{
  "models": [
    "GPT-5.2",
    "GPT-5-mini",
    "GPT-4o",
    "Gemini 3 Flash",
    "Gemini 3 Pro"
  ],
  "language_pairs": [
    "bambara_english",
    "bambara_french",
    "english_nko",
    "french_bambara",
    "french_nko",
    "nko_english",
    "nko_french"
  ],
  "curriculum_levels": [
    "A1",
    "A2",
    "B1",
    "B2",
    "C1",
    "C2"
  ],
  "translation_matrix": [
    [
      21.94749694749695,
      16.1001221001221,
      0.0,
      9.218702350281296,
      2.4,
      0.0,
      2.0
    ],
    [
      0.0,
      0.0,
      0.0,
      0.0,
      0.0,
      0.0,
      0.0
    ],
    [
      38.034188034188034,
      13.398229548229548,
      0.0,
      2.7106227106227108,
      4.0,
      0.0,
      0.4
    ],
    [
      58.48595848595849,
      36.06123321123321,
      0.0,
      1.1428571428571428,
      6.666666666666667,
      0.0,
      8.1
    ],
    [
      50.85470085470085,
      5.904761904761905,
      0.0,
      0.0,
      0.0,
      0.0,
      1.8000000000000003
    ]
  ],
  "curriculum_matrix": [
    [
      0.0,
      0.0,
      0.0,
      0.0,
      0.0,
      0.0
    ],
    [
      0.0,
      0.0,
      0.0,
      0.0,
      0.0,
      0.0
    ],
    [
      0.0,
      0.0,
      0.0,
      0.0,
      0.0,
      0.0
    ],
    [
      0.0,
      0.0,
      0.0,
      0.0,
      0.0,
      0.0
    ],
    [
      0.0,
      0.0,
      0.0,
      0.0,
      0.0,
      0.0
    ]
  ]
}