{
  "models": [
    "GPT-5.2",
    "GPT-5-mini",
    "GPT-4o",
    "Gemini 3 Flash",
    "Gemini 3 Pro"
  ],
  "language_pairs": [
    "bambara_english",
    "bambara_french",
    "english_nko",
    "french_bambara",
    "french_nko",
    "nko_english",
    "nko_french"
  ],
  "curriculum_levels": [
    "A1",
    "A2",
    "B1",
    "B2",
    "C1",
    "C2"
  ],
  "translation_matrix": [
    [
      28.78510378510379,
      15.506959706959709,
      0.0,
      8.78138528138528,
      2.4,
      0.0,
      2.0
    ],
    [
      0.0,
      0.0,
      0.0,
      0.0,
      0.0,
      0.0,
      0.0
    ],
    [
      37.393162393162385,
      12.322039072039072,
      0.0,
      4.4682539682539675,
      3.0,
      0.0,
      0.0
    ],
    [
      57.26495726495728,
      38.88742368742367,
      0.0,
      1.1428571428571428,
      5.666666666666667,
      0.0,
      9.5
    ],
    [
      56.41025641025641,
      7.365079365079364,
      0.0,
      0.0,
      2.0,
      0.0,
      5.3
    ]
  ],
  "curriculum_matrix": [
    [
      0.0,
      0.0,
      0.0,
      0.0,
      0.0,
      0.0
    ],
    [
      0.0,
      0.0,
      0.0,
      0.0,
      0.0,
      0.0
    ],
    [
      0.0,
      0.0,
      0.0,
      0.0,
      0.0,
      0.0
    ],
    [
      0.0,
      0.0,
      0.0,
      0.0,
      0.0,
      0.0
    ],
    [
      0.0,
      0.0,
      0.0,
      0.0,
      0.0,
      0.0
    ]
  ]
}